,Comparison,Correlation,P_value
4,ERO1A_proteomics,0.5121576051190955,7.452351476209633e-07
2,CGGBP1_proteomics,-0.49299264688237354,2.1923391204134747e-06
6,PROSER2_proteomics,0.5245929168077215,2.2440191437951265e-06
3,CP_proteomics,0.4893278131754406,2.675011156825854e-06
0,ALDH1L1_proteomics,0.4867613041483839,3.0708059488287183e-06
7,TRPM4_proteomics,0.48385940835209446,3.5845017033750167e-06
1,CFHR1_proteomics,0.4784062660144347,4.77546527046122e-06
5,PMPCA_proteomics,-0.4776108056016822,4.977501797482398e-06
