,Comparison,Correlation,P_value,Cancer Type
1,EGFR_proteomics,1.0,0.0,Colon
15,UTP6_proteomics,-0.5103433457160391,1.7337483463979957e-07,Colon
8,RAE1_proteomics,-0.4988020069726074,1.993818230187808e-07,Colon
2,GAR1_proteomics,-0.4897880299878189,3.5505498666347347e-07,Colon
10,RALYL_proteomics,-0.48576266847937516,4.5699469470248376e-07,Colon
14,TFAM_proteomics,-0.47018483595724936,1.1780680845050665e-06,Colon
5,NUP153_proteomics,-0.47015486869545464,1.1801634049031425e-06,Colon
12,SCG2_proteomics,0.45590142930557764,2.6967919383907684e-06,Colon
7,PPP2R5D_proteomics,-0.4551105041014165,2.8202887066390828e-06,Colon
11,SBF1_proteomics,0.4520408152746056,3.3520306508413378e-06,Colon
3,MAMDC2_proteomics,0.530626820433032,3.858198210856544e-06,Colon
13,SNU13_proteomics,-0.4483738093051055,4.111218748455223e-06,Colon
9,RALY_proteomics,-0.444764007094965,5.01478574122327e-06,Colon
0,DDX27_proteomics,-0.4431709719793594,5.470377932538197e-06,Colon
4,NDUFAB1_proteomics,-0.44220060058800453,5.7667114665474764e-06,Colon
6,POFUT1_proteomics,-0.4413811331140185,6.0286705625628425e-06,Colon
